<?xml version = "1.0" encoding = "UTF-8"?>
<beans xmlns = "http://www.springframework.org/schema/beans"
       xmlns:xsi = "http://www.w3.org/2001/XMLSchema-instance"
       xsi:schemaLocation = "http://www.springframework.org/schema/beans
   http://www.springframework.org/schema/beans/spring-beans-3.0.xsd ">


    <!--  To avoid an error: SET GLOBAL time_zone = '-6:00'; -->
    <!-- Initialization for data source -->
    <bean id="dataSource"
          class = "org.springframework.jdbc.datasource.DriverManagerDataSource">
        <property name = "driverClassName" value = "com.mysql.cj.jdbc.Driver"/>
        <property name = "url" value = "jdbc:mysql://localhost:3306/trylma?useSSL=false"/>
        <property name = "username" value = "root"/>
        <property name = "password"/>
    </bean>

    <!-- Definition for hibernateDao bean -->
    <bean id = "hibernateDao"
          class = "database.hibernateDao">
        <property name = "dataSource" ref = "dataSource" />
    </bean>

</beans>